captured_at,surface,period,rank,title,book_id,category,displayed_value,value_type,source_url
2026-08-31T13:30:00+08:00,male_subscription,week,1,星痕之门,3583700,时空穿梭,,,https://www.17k.com/man/
2026-08-31T13:30:00+08:00,male_subscription,week,2,第九特区,3038645,末世危机,,,https://www.17k.com/man/
2026-08-31T13:30:00+08:00,male_subscription,week,3,东北风云：黑血漫过松花江,3660623,都市生活,,,https://www.17k.com/man/
2026-08-31T13:30:00+08:00,male_subscription,week,4,娘子，我真不想考状元,3669552,架空历史,,,https://www.17k.com/man/
2026-08-31T13:30:00+08:00,male_subscription,week,5,女总裁的全能兵王,1741975,都市激战,,,https://www.17k.com/man/
2026-08-31T13:30:00+08:00,male_subscription,week,6,万古第一神,3006464,东方玄幻,,,https://www.17k.com/man/
2026-08-31T13:30:00+08:00,male_subscription,week,7,混沌剑神,83528,异界大陆,,,https://www.17k.com/man/
2026-08-31T13:30:00+08:00,male_subscription,week,8,九星霸体诀,1398783,异界大陆,,,https://www.17k.com/man/
2026-08-31T13:30:00+08:00,male_subscription,week,9,太上无情,3597196,洪荒封神,,,https://www.17k.com/man/
2026-08-31T13:30:00+08:00,male_subscription,week,10,龙纹战神,,,,,https://www.17k.com/man/
2026-08-31T13:30:00+08:00,male_subscription,week,11,全体起立！真龙归来,,,,,https://www.17k.com/man/
2026-08-31T13:30:00+08:00,male_subscription,week,12,乾坤一主,3667335,东方玄幻,,,https://www.17k.com/man/
2026-08-31T13:30:00+08:00,male_subscription,week,13,匹夫的逆袭,,,,,https://www.17k.com/man/
2026-08-31T13:30:00+08:00,male_subscription,week,14,浩劫余生,,,,,https://www.17k.com/man/
2026-08-31T13:30:00+08:00,male_subscription,week,15,百炼飞升录,,,,,https://www.17k.com/man/
2026-08-31T13:30:00+08:00,male_new_subscription,week,1,乾坤一主,3667335,东方玄幻,,,https://www.17k.com/man/
2026-08-31T13:30:00+08:00,male_new_subscription,week,2,都市狂医:寒门崛起,3665801,都市异能,,,https://www.17k.com/man/
2026-08-31T13:30:00+08:00,male_new_subscription,week,3,沉船后，我带五国……,,,,,https://www.17k.com/man/
2026-08-31T13:30:00+08:00,male_new_subscription,week,4,两界倒爷,3667542,,,,https://www.17k.com/man/
2026-08-31T13:30:00+08:00,male_recommendation,week,1,太上无情,3597196,洪荒封神,,,https://www.17k.com/man/
2026-08-31T13:30:00+08:00,male_recommendation,week,2,分身三地十年约,3661094,都市异能,,,https://www.17k.com/man/
2026-08-31T13:30:00+08:00,male_recommendation,week,3,一口粮,3672220,,,,https://www.17k.com/man/
2026-08-31T13:30:00+08:00,male_recommendation,week,4,星痕之门,3583700,时空穿梭,,,https://www.17k.com/man/
2026-08-31T13:30:00+08:00,male_recommendation,week,5,天魔道圣,,,,,https://www.17k.com/man/
2026-08-31T13:30:00+08:00,male_recommendation,week,6,皖东人家……,,,,,https://www.17k.com/man/
2026-08-31T13:30:00+08:00,male_recommendation,week,7,东北风云：黑血漫过松花江,3660623,都市生活,,,https://www.17k.com/man/
2026-08-31T13:30:00+08:00,male_recommendation,week,8,钱江苏火,,,,,https://www.17k.com/man/
2026-08-31T13:30:00+08:00,male_recommendation,week,9,全能教学系统,,,,,https://www.17k.com/man/
2026-08-31T13:30:00+08:00,male_recommendation,week,10,娘子，我真不想考状元,3669552,架空历史,,,https://www.17k.com/man/
2026-08-31T13:30:00+08:00,male_recommendation,week,11,日月神魔情,,,,,https://www.17k.com/man/
2026-08-31T13:30:00+08:00,male_recommendation,week,12,九星霸体诀,1398783,异界大陆,,,https://www.17k.com/man/
2026-08-31T13:30:00+08:00,male_recommendation,week,13,万古第一神,3006464,东方玄幻,,,https://www.17k.com/man/
2026-08-31T13:30:00+08:00,male_recommendation,week,14,大明之三十六将,,,,,https://www.17k.com/man/
2026-08-31T13:30:00+08:00,male_recommendation,week,15,龙蛇再起……,,,,,https://www.17k.com/man/
2026-08-31T13:30:00+08:00,male_gift,week,1,太上无情,3597196,洪荒封神,,,https://www.17k.com/man/
2026-08-31T13:30:00+08:00,male_gift,week,2,一口粮,3672220,,,,https://www.17k.com/man/
2026-08-31T13:30:00+08:00,male_gift,week,3,分身三地十年约,3661094,都市异能,,,https://www.17k.com/man/
2026-08-31T13:30:00+08:00,male_gift,week,4,皖东人家……,,,,,https://www.17k.com/man/
2026-08-31T13:30:00+08:00,male_gift,week,5,奇侠仙侣,,,,,https://www.17k.com/man/
2026-08-31T13:30:00+08:00,male_gift,week,6,大宋三十六将,3675375,架空历史,,,https://www.17k.com/man/
2026-08-31T13:30:00+08:00,male_gift,week,7,床底下的算命先生,,,,,https://www.17k.com/man/
2026-08-31T13:30:00+08:00,male_gift,week,8,娘子，我真不想考状元,3669552,架空历史,,,https://www.17k.com/man/
2026-08-31T13:30:00+08:00,male_gift,week,9,大明之三十六将,,,,,https://www.17k.com/man/
2026-08-31T13:30:00+08:00,male_gift,week,10,瀚海归尘,,,,,https://www.17k.com/man/
2026-08-31T13:30:00+08:00,male_gift,week,11,日月神魔情,,,,,https://www.17k.com/man/
2026-08-31T13:30:00+08:00,male_gift,week,12,血道帝尊,,,,,https://www.17k.com/man/
2026-08-31T13:30:00+08:00,male_gift,week,13,混沌剑神,83528,异界大陆,,,https://www.17k.com/man/
2026-08-31T13:30:00+08:00,male_gift,week,14,校园无敌贴身高手,,,,,https://www.17k.com/man/
2026-08-31T13:30:00+08:00,male_gift,week,15,六耳猕猴大闹天庭,,,,,https://www.17k.com/man/
2026-08-31T13:30:00+08:00,male_current_click,current,1,娘子，我真不想考状元,3669552,架空历史,283050,click_display,https://www.17k.com/man/
2026-08-31T13:30:00+08:00,male_current_click,current,2,分身三地十年约,3661094,都市异能,14630,click_display,https://www.17k.com/man/
2026-08-31T13:30:00+08:00,male_current_click,current,3,年月日历劫记,,东方玄幻,2890,click_display,https://www.17k.com/man/
2026-08-31T13:30:00+08:00,male_current_click,current,4,西行纪之寻回玉盘,,东方玄幻,2572,click_display,https://www.17k.com/man/
2026-08-31T13:30:00+08:00,male_current_click,current,5,天地人殇,,异界大陆,1802,click_display,https://www.17k.com/man/
2026-08-31T13:30:00+08:00,male_current_click,current,6,东北风云：黑血漫过松花江,3660623,都市生活,1373,click_display,https://www.17k.com/man/
2026-08-31T13:30:00+08:00,male_current_click,current,7,全体起立！真龙归来,,都市异能,441,click_display,https://www.17k.com/man/
2026-08-31T13:30:00+08:00,male_current_click,current,8,首席医官,,都市生活,313,click_display,https://www.17k.com/man/
2026-08-31T13:30:00+08:00,male_current_click,current,9,灵道纪,,东方玄幻,295,click_display,https://www.17k.com/man/
2026-08-31T13:30:00+08:00,male_current_click,current,10,天棺秘藏,,都市生活,267,click_display,https://www.17k.com/man/
2026-08-31T13:30:00+08:00,male_current_click,current,11,大宋三十六将,3675375,架空历史,213,click_display,https://www.17k.com/man/
2026-08-31T13:30:00+08:00,male_current_click,current,12,葬活人……,,民间奇谈,134,click_display,https://www.17k.com/man/
2026-08-31T13:30:00+08:00,male_current_click,current,13,我的江湖岁月,,都市生活,130,click_display,https://www.17k.com/man/
2026-08-31T13:30:00+08:00,male_current_click,current,14,大明之三十六将,,历史穿越,115,click_display,https://www.17k.com/man/
2026-08-31T13:30:00+08:00,male_current_click,current,15,直播揭秘：女娲补……,3669093,探险揭秘,109,click_display,https://www.17k.com/man/
2026-08-31T13:30:00+08:00,male_current_click,current,16,小富即安……,,架空历史,106,click_display,https://www.17k.com/man/
2026-08-31T13:30:00+08:00,male_current_click,current,17,卧虎,,都市生活,99,click_display,https://www.17k.com/man/
2026-08-31T13:30:00+08:00,male_current_click,current,18,我的心动女邻居,,都市生活,86,click_display,https://www.17k.com/man/
2026-08-31T13:30:00+08:00,male_current_click,current,19,校园无敌贴身高手,,都市异能,81,click_display,https://www.17k.com/man/
2026-08-31T13:30:00+08:00,male_current_click,current,20,都市狂医:寒门崛起,3665801,都市异能,79,click_display,https://www.17k.com/man/
2026-08-31T13:30:00+08:00,male_current_click,current,21,寒门弃子,,,63,click_display,https://www.17k.com/man/
2026-08-31T13:30:00+08:00,male_current_click,current,22,瀚海归尘,,,60,click_display,https://www.17k.com/man/
2026-08-31T13:30:00+08:00,male_current_click,current,23,武道洞玄,,,57,click_display,https://www.17k.com/man/
2026-08-31T13:30:00+08:00,male_current_click,current,24,从滴水境到主宰至尊,,,57,click_display,https://www.17k.com/man/
2026-08-31T13:30:00+08:00,male_current_click,current,25,打猎……,,,53,click_display,https://www.17k.com/man/
2026-08-31T13:30:00+08:00,male_current_click,current,26,全能教学系统,,,51,click_display,https://www.17k.com/man/
2026-08-31T13:30:00+08:00,male_current_click,current,27,黑木崖……,,,49,click_display,https://www.17k.com/man/
2026-08-31T13:30:00+08:00,male_current_click,current,28,龙神古尊,,,45,click_display,https://www.17k.com/man/
2026-08-31T13:30:00+08:00,male_current_click,current,29,都市怪谈……,,,43,click_display,https://www.17k.com/man/
2026-08-31T13:30:00+08:00,male_current_click,current,30,太古通玄录,,,41,click_display,https://www.17k.com/man/
2026-08-31T13:30:00+08:00,male_long_popularity,current,1,修罗武神,,,16077,popularity_display,https://www.17k.com/man/
2026-08-31T13:30:00+08:00,male_long_popularity,current,2,星痕之门,3583700,时空穿梭,2691,popularity_display,https://www.17k.com/man/
2026-08-31T13:30:00+08:00,male_long_popularity,current,3,万古第一神,3006464,东方玄幻,2476,popularity_display,https://www.17k.com/man/
2026-08-31T13:30:00+08:00,male_long_popularity,current,4,混沌剑神,83528,异界大陆,1636,popularity_display,https://www.17k.com/man/
2026-08-31T13:30:00+08:00,male_long_popularity,current,5,九星霸体诀,1398783,异界大陆,1553,popularity_display,https://www.17k.com/man/
2026-08-31T13:30:00+08:00,male_long_popularity,current,6,女总裁的全能兵王,1741975,都市激战,1146,popularity_display,https://www.17k.com/man/
2026-08-31T13:30:00+08:00,male_long_popularity,current,7,百炼飞升录,,,492,popularity_display,https://www.17k.com/man/
2026-08-31T13:30:00+08:00,male_long_popularity,current,8,神级插班生,,,195,popularity_display,https://www.17k.com/man/
2026-08-31T13:30:00+08:00,male_long_popularity,current,9,让你当收尸人……,,,184,popularity_display,https://www.17k.com/man/
2026-08-31T13:30:00+08:00,male_long_popularity,current,10,重生之狂暴火法,,,180,popularity_display,https://www.17k.com/man/
2026-08-31T13:30:00+08:00,male_free_new,current,1,大宋三十六将,3675375,架空历史,213,click_display,https://www.17k.com/man/
2026-08-31T13:30:00+08:00,male_free_new,current,2,大明之三十六将,,历史穿越,115,click_display,https://www.17k.com/man/
2026-08-31T13:30:00+08:00,male_free_new,current,3,校园无敌贴身高手,,都市异能,81,click_display,https://www.17k.com/man/
2026-08-31T13:30:00+08:00,male_free_new,current,4,寒门弃子,,,63,click_display,https://www.17k.com/man/
2026-08-31T13:30:00+08:00,male_free_new,current,5,瀚海归尘,,,60,click_display,https://www.17k.com/man/
2026-08-31T13:30:00+08:00,male_free_new,current,6,太古通玄录,,,41,click_display,https://www.17k.com/man/
2026-08-31T13:30:00+08:00,male_free_new,current,7,谍海传奇唐生明,,,39,click_display,https://www.17k.com/man/
2026-08-31T13:30:00+08:00,male_free_new,current,8,焚书劫,,,34,click_display,https://www.17k.com/man/
2026-08-31T13:30:00+08:00,male_free_new,current,9,一口粮,3672220,,22,click_display,https://www.17k.com/man/
2026-08-31T13:30:00+08:00,male_free_new,current,10,天生阴官,,,12,click_display,https://www.17k.com/man/
